repo name, weeks since main merge, weeks since dev merge
PreloadJS,419,-1
pixi.js,558,602
EaselJS,419,-1
SoundJS,419,-1
TweenJS,419,-1
Bellhop,11,11
grunt-createjs-manifests,593,-1
SpringRoll,24,37
grunt-springroll-helper,597,-1
springroll.io,92,92
SpringRollTheme,580,-1
SpringRollStudio,92,92
grunt-springroll,316,-1
grunt-simple-version,597,-1
grunt-concat-json,526,-1
springroll-update,600,-1
LoggingService,563,-1
SpringRollTemplate,422,-1
grunt-springroll-sound,597,-1
grunt-springroll-download,573,-1
EaselJSLearningGameTemplate,563,-1
Keyboard,258,-1
HTML5-Storybook,593,-1
SpringRollConnect,181,337
EaselJSGameTemplate,422,-1
FlashToolkit,511,-1
PhaserGameTemplate,591,-1
Cursor,580,-1
image-tiler,571,-1
HaxeGameTemplate,582,-1
PBSKIDSTemplate,563,-1
SpringRollContainer,79,79
grunt-springroll-app,-1,-1
cordova-plugin-xapkreader,575,-1
SpringRoll.github.io,245,-1
SpringrollNativeAudioPlugin,525,-1
cordova-plugin-nativeaudio,512,577
containgamehelper,518,-1
SpringRoll-MediaStream,488,-1
library-grunt,578,-1
springroll-pixi-display,493,-1
springroll-pixi-animate,492,-1
HammerSpace,465,480
Springroll-Seed,32,-1
springroll-io-demo-game,102,-1
springroll.io.v1,418,-1
springroll-haxe,391,-1
springroll-io-safe-scale-manager-demo,341,-1
Automated-QA,11,11
Last Updated,10/2/20265:35:19 PM,_